{"C": [12.0116, 2.26], "H": [1.00784, 0.07], "O": [15.9994, 1.429], "U-238": [238.0289, 18.95], "U-235": [235.04393, 18.8], "key": ["molar mass", "density"]}