{
    "C": [
        12.0116,
        2.26
    ],
    "H": [
        1.00784,
        0.07
    ],
    "HDPE": [
        15.03512,
        0.97
    ],
    "Mn": [
        54.9380471,
        7.3
    ],
    "O": [
        15.9994,
        1.429
    ],
    "SS440": [
        52.68213573619713,
        7.85
    ],
    "U235": [
        235.04393,
        18.8
    ],
    "U238": [
        238.0289,
        18.95
    ],
    "UH3": [
        240.60467449999996,
        10.95
    ],
    "key": [
        "molar mass",
        "density"
    ]
}