{
    "cnat": [
        1.0,
        12.0116
    ],
    "cr50": [
        0.04345,
        49.9460464
    ],
    "cr52": [
        0.83789,
        51.9405098
    ],
    "cr53": [
        0.09501,
        52.9406513
    ],
    "cr54": [
        0.02365,
        53.9388825
    ],
    "fe54": [
        0.05845,
        53.9396127
    ],
    "fe56": [
        0.92036,
        55.9349393
    ],
    "fe57": [
        0.02119,
        56.9353958
    ],
    "key": [
        "Abundance %",
        "molar mass"
    ],
    "mn55": [
        1.0,
        54.9380471
    ],
    "si28": [
        0.922297,
        27.9769271
    ],
    "si29": [
        0.046832,
        28.9764949
    ],
    "si30": [
        0.030872,
        29.9737707
    ]
}